  {
    "name": "Украина",
    "regions": [
      {
        "name": "Винницкая область",
        "id":  1,
        "cities": [
          {
            "name": "Бар",
            "id": 1,
            "lat": "49.630283",
            "lng": "27.001648"
          },
          {
            "name": "Бершадь",
            "id": 2,
            "lat": "48.368954",
            "lng": "29.5331654"
          },
          {
            "name": "Винница",
            "id": 3,
            "lat": "49.2333333",
            "lng": "28.4833333"
          },
          {
            "name": "Гайсин",
            "id": 4,
            "lat": "48.8094444",
            "lng": "29.3905556"
          },
          {
            "name": "Жмеринка",
            "id": 5,
            "lat": "49.038349",
            "lng": "28.10556"
          },
          {
            "name": "Казатин",
            "id": 6,
            "lat": "49.711769",
            "lng": "28.842859"
          },
          {
            "name": "Калиновка",
            "id": 7,
            "lat": "49.4472222",
            "lng": "28.5230556"
          },
          {
            "name": "Ладыжин",
            "id": 8,
            "lat": "48.676151",
            "lng": "29.262541"
          },
          {
            "name": "Могилёв-Подольский",
            "id": 9,
            "lat": "48.45",
            "lng": "27.8"
          },
          {
            "name": "Немиров",
            "id": 10,
            "lat": "48.9726621",
            "lng": "28.835666"
          },
          {
            "name": "Погребище",
            "id": 11,
            "lat": "49.4833333",
            "lng": "29.2666667"
          },
          {
            "name": "Тульчин",
            "id": 11,
            "lat": "48.68",
            "lng": "28.87"
          },
          {
            "name": "Хмельник",
            "id": 12,
            "lat": "49.563469",
            "lng": "27.959379"
          },
          {
            "name": "Шаргород",
            "id": 13,
            "lat": "48.73761",
            "lng": "28.08688"
          },
          {
            "name": "Ямполь",
            "id": 14,
            "lat": "49.9572775",
            "lng": "26.2290711"
          }
        ]
      },
      {
        "name": "Волынская область",
        "id": 2,
        "cities": [
          {
            "name": "Берестечко",
            "id": 1,
            "lat": "50.3505636",
            "lng": "25.1007738"
          },
          {
            "name": "Владимир-Волынский",
            "lat": "50.853578",
            "id": 2,
            "lng": "24.311783"
          },
          {
            "name": "Горохов",
            "id": 3,
            "lat": "50.500622",
            "lng": "24.767559"
          },
          {
            "name": "Камень-Каширский",
            "id": 4,
            "lat": "51.6241667",
            "lng": "24.9605556"
          },
          {
            "name": "Киверцы",
            "id": 5,
            "lat": "50.833621",
            "lng": "25.460706"
          },
          {
            "name": "Ковель",
            "id": 6,
            "lat": "51.212898",
            "lng": "24.71343"
          },
          {
            "name": "Луцк",
            "id": 7,
            "lat": "50.75",
            "lng": "25.3358333"
          },
          {
            "name": "Любомль",
            "id": 8,
            "lat": "51.2230556",
            "lng": "24.0377778"
          },
          {
            "name": "Нововолынск",
            "id": 9,
            "lat": "50.7333333",
            "lng": "24.1666667"
          },
          {
            "name": "Рожище",
            "id": 10,
            "lat": "50.915901",
            "lng": "25.268551"
          },
          {
            "name": "Устилуг",
            "id": 11,
            "lat": "50.86",
            "lng": "24.15"
          }
        ]
      },
      {
        "name": "Днепропетровская область",
        "id": 3,
        "cities": [
          {
            "name": "Апостолово",
            "id": 1,
            "lat": "47.65815",
            "lng": "33.697819"
          },
          {
            "name": "Верхнеднепровск",
            "id": 2,
            "lat": "48.6561111",
            "lng": "34.3283333"
          },
          {
            "name": "Вольногорск",
            "id": 3,
            "lat": "48.4833333",
            "lng": "34.0166667"
          },
          {
            "name": "Днепродзержинск",
            "id": 4,
            "lat": "48.5166667",
            "lng": "34.6166667"
          },
          {
            "name": "Днепропетровск",
            "id": 5,
            "lat": "48.45",
            "lng": "34.9833333"
          },
          {
            "name": "Жёлтые Воды",
            "id": 6,
            "lat": "48.35",
            "lng": "33.5"
          },
          {
            "name": "Кривой Рог",
            "id": 7,
            "lat": "47.899726",
            "lng": "33.379534"
          },
          {
            "name": "Марганец",
            "id": 8,
            "lat": "47.6397222",
            "lng": "34.6363889"
          },
          {
            "name": "Никополь",
            "id": 9,
            "lat": "47.5666667",
            "lng": "34.4"
          },
          {
            "name": "Новомосковск",
            "id": 10,
            "lat": "48.6333333",
            "lng": "35.2166667"
          },
          {
            "name": "Орджоникидзе",
            "id": 11,
            "lat": "44.9643961",
            "lng": "35.3569007"
          },
          {
            "name": "Павлоград",
            "id": 12,
            "lat": "48.533939",
            "lng": "35.869282"
          },
          {
            "name": "Перещепино",
            "id": 13,
            "lat": "49.016251",
            "lng": "35.371681"
          },
          {
            "name": "Першотравенск",
            "id": 14,
            "lat": "48.3463889",
            "lng": "36.4044444"
          },
          {
            "name": "Подгородное",
            "id": 15,
            "lat": "49.5355598",
            "lng": "25.5276081"
          },
          {
            "name": "Пятихатки",
            "id": 16,
            "lat": "48.4113889",
            "lng": "33.7105556"
          },
          {
            "name": "Синельниково",
            "id": 17,
            "lat": "48.3177778",
            "lng": "35.5119444"
          },
          {
            "name": "Терновка",
            "id": 18,
            "lat": "48.5402778",
            "lng": "29.9677778"
          }
        ]
      },
      {
        "name": "Донецкая область",
        "id": 4,
        "cities": [
          {
            "name": "Авдеевка",
            "id": 1,
            "lat": "48.1333333",
            "lng": "37.7333333"
          },
          {
            "name": "Артёмовск",
            "id": 2,
            "lat": "48.599072",
            "lng": "37.999241"
          },
          {
            "name": "Волноваха",
            "id": 3,
            "lat": "47.596119",
            "lng": "37.490429"
          },
          {
            "name": "Горловка",
            "id": 4,
            "lat": "48.346432",
            "lng": "38.059513"
          },
          {
            "name": "Дзержинск",
            "id": 5,
            "lat": "48.4",
            "lng": "37.8333333"
          },
          {
            "name": "Дебальцево",
            "id": 6,
            "lat": "48.3333333",
            "lng": "38.4"
          },
          {
            "name": "Димитров",
            "id": 7,
            "lat": "48.32357",
            "lng": "37.291854"
          },
          {
            "name": "Доброполье",
            "id": 8,
            "lat": "48.4691324",
            "lng": "37.0871223"
          },
          {
            "name": "Докучаевск",
            "id": 9,
            "lat": "47.770821",
            "lng": "37.684361"
          },
          {
            "name": "Донецк",
            "id": 10,
            "lat": "48.0027778",
            "lng": "37.8052778"
          },
          {
            "name": "Дружковка",
            "id": 11,
            "lat": "48.6166667",
            "lng": "37.5333333"
          },
          {
            "name": "Енакиево",
            "id": 12,
            "lat": "48.2166667",
            "lng": "38.2"
          },
          {
            "name": "Ждановка",
            "id": 13,
            "lat": "48.1462985",
            "lng": "38.2540176"
          },
          {
            "name": "Зугрэс",
            "id": 14,
            "lat": "48.0166667",
            "lng": "38.2666667"
          },
          {
            "name": "Кировское",
            "id": 15,
            "lat": "48.15",
            "lng": "38.3666667"
          },
          {
            "name": "Краматорск",
            "id": 16,
            "lat": "48.736462",
            "lng": "37.57164"
          },
          {
            "name": "Красноармейск",
            "id": 17,
            "lat": "48.2827778",
            "lng": "37.1827778"
          },
          {
            "name": "Красный Лиман",
            "id": 18,
            "lat": "48.984211",
            "lng": "37.810329"
          },
          {
            "name": "Константиновка",
            "id": 19,
            "lat": "48.51545",
            "lng": "37.703629"
          },
          {
            "name": "Мариуполь",
            "id": 20,
            "lat": "47.1166667",
            "lng": "37.55"
          },
          {
            "name": "Макеевка",
            "id": 21,
            "lat": "48.076179",
            "lng": "38.068427"
          },
          {
            "name": "Новогродовка",
            "id": 22,
            "lat": "48.2045408",
            "lng": "37.336821"
          },
          {
            "name": "Селидово",
            "id": 23,
            "lat": "48.144671",
            "lng": "37.297897"
          },
          {
            "name": "Славянск",
            "id": 24,
            "lat": "48.846851",
            "lng": "37.57954"
          },
          {
            "name": "Снежное",
            "id": 28,
            "lat": "48.0282789",
            "lng": "38.7656122"
          },
          {
            "name": "Соледар",
            "id": 29,
            "lat": "48.6833333",
            "lng": "38.1"
          },
          {
            "name": "Торез",
            "id": 30,
            "lat": "48.0166667",
            "lng": "38.6333333"
          },
          {
            "name": "Угледар",
            "id": 31,
            "lat": "47.7833333",
            "lng": "37.25"
          },
          {
            "name": "Харцызск",
            "id": 32,
            "lat": "48.037411",
            "lng": "38.160301"
          },
          {
            "name": "Шахтёрск",
            "id": 33,
            "lat": "48.0333333",
            "lng": "38.4833333"
          },
          {
            "name": "Ясиноватая",
            "id": 34,
            "lat": "48.1221425",
            "lng": "37.8765944"
          }
        ]
      },
      {
        "name": "Житомирская область",
        "id": 5,
        "cities": [
          {
            "name": "Андрушёвка",
            "id": 1,
            "lat": "50.0166667",
            "lng": "29.0166667"
          },
          {
            "name": "Барановка",
            "id": 2,
            "lat": "50.30204",
            "lng": "27.67634"
          },
          {
            "name": "Бердичев",
            "id": 3,
            "lat": "49.903381",
            "lng": "28.599251"
          },
          {
            "name": "Житомир",
            "id": 4,
            "lat": "50.259749",
            "lng": "28.676248"
          },
          {
            "name": "Коростень",
            "id": 5,
            "lat": "50.95",
            "lng": "28.6333333"
          },
          {
            "name": "Коростышев",
            "id": 6,
            "lat": "50.316639",
            "lng": "29.06653"
          },
          {
            "name": "Малин",
            "id": 7,
            "lat": "50.77121",
            "lng": "29.25297"
          },
          {
            "name": "Новоград-Волынский",
            "id": 8,
            "lat": "50.59256",
            "lng": "27.62348"
          },
          {
            "name": "Овруч",
            "id": 9,
            "lat": "51.327251",
            "lng": "28.818979"
          },
          {
            "name": "Радомышль",
            "id": 10,
            "lat": "50.4947222",
            "lng": "29.2333333"
          }
        ]
      },
      {
        "name": "Закарпатская область",
        "id": 6,
        "cities": [
          {
            "name": "Берегово",
            "id": 1,
            "lat": "48.2",
            "lng": "22.6333333"
          },
          {
            "name": "Виноградов",
            "id": 2,
            "lat": "48.138142",
            "lng": "23.041519"
          },
          {
            "name": "Иршава",
            "id": 3,
            "lat": "48.310911",
            "lng": "23.037711"
          },
          {
            "name": "Мукачево",
            "id": 4,
            "lat": "48.442411",
            "lng": "22.723352"
          },
          {
            "name": "Перечин",
            "id": 5,
            "lat": "48.7341667",
            "lng": "22.4741667"
          },
          {
            "name": "Рахов",
            "id": 6,
            "lat": "48.060829",
            "lng": "24.205059"
          },
          {
            "name": "Свалява",
            "id": 7,
            "lat": "48.5472222",
            "lng": "22.9861111"
          },
          {
            "name": "Тячев",
            "id": 8,
            "lat": "48.0113889",
            "lng": "23.5722222"
          },
          {
            "name": "Ужгород",
            "id": 9,
            "lat": "48.6166667",
            "lng": "22.3"
          },
          {
            "name": "Хуст",
            "id": 10,
            "lat": "48.1813889",
            "lng": "23.2977778"
          },
          {
            "name": "Чоп",
            "id": 11,
            "lat": "48.4333333",
            "lng": "22.2"
          }
        ]
      },
      {
        "name": "Запорожская область",
        "id": 7,
        "cities": [
          {
            "name": "Бердянск",
            "id": 1,
            "lat": "46.748581",
            "lng": "36.809502"
          },
          {
            "name": "Васильевка",
            "id": 2,
            "lat": "47.433708",
            "lng": "35.27816"
          },
          {
            "name": "Вольнянск",
            "id": 3,
            "lat": "47.9419444",
            "lng": "35.4280556"
          },
          {
            "name": "Гуляйполе",
            "id": 4,
            "lat": "47.658562",
            "lng": "36.252918"
          },
          {
            "name": "Днепрорудное",
            "id": 5,
            "lat": "47.3840983",
            "lng": "34.98121"
          },
          {
            "name": "Запорожье",
            "id": 6,
            "lat": "47.853748",
            "lng": "35.157139"
          },
          {
            "name": "Каменка-Днепровская",
            "id": 7,
            "lat": "47.488911",
            "lng": "34.400761"
          },
          {
            "name": "Мелитополь",
            "id": 8,
            "lat": "46.847839",
            "lng": "35.364979"
          },
          {
            "name": "Молочанск",
            "id": 9,
            "lat": "47.206982",
            "lng": "35.59618"
          },
          {
            "name": "Орехов",
            "id": 10,
            "lat": "47.5666667",
            "lng": "35.7833333"
          },
          {
            "name": "Пологи",
            "id": 11,
            "lat": "47.47728",
            "lng": "36.25626"
          },
          {
            "name": "Приморск",
            "id": 12,
            "lat": "46.7333333",
            "lng": "36.35"
          },
          {
            "name": "Токмак",
            "id": 13,
            "lat": "47.25",
            "lng": "35.7"
          },
          {
            "name": "Энергодар",
            "id": 14,
            "lat": "47.4979877",
            "lng": "34.6565334"
          }
        ]
      },
      {
        "name": "Ивано-Франковская область",
        "id": 8,
        "cities": [
          {
            "name": "Болехов",
            "id": 1,
            "lat": "49.070011",
            "lng": "23.864719"
          },
          {
            "name": "Бурштын",
            "id": 2,
            "lat": "49.263802",
            "lng": "24.634211"
          },
          {
            "name": "Галич",
            "id": 3,
            "lat": "49.1247222",
            "lng": "24.7286111"
          },
          {
            "name": "Городенка",
            "id": 4,
            "lat": "48.6675",
            "lng": "25.5002778"
          },
          {
            "name": "Долина",
            "id": 5,
            "lat": "51.79",
            "lng": "33.76"
          },
          {
            "name": "Ивано-Франковск",
            "id": 6,
            "lat": "48.9166667",
            "lng": "24.7166667"
          },
          {
            "name": "Калуш",
            "id": 7,
            "lat": "49.050465",
            "lng": "24.374117"
          },
          {
            "name": "Коломыя",
            "id": 8,
            "lat": "48.53146",
            "lng": "25.039709"
          },
          {
            "name": "Косов",
            "id": 9,
            "lat": "48.315",
            "lng": "25.0952778"
          },
          {
            "name": "Надворная",
            "id": 10,
            "lat": "48.6333333",
            "lng": "24.5833333"
          },
          {
            "name": "Рогатин",
            "id": 11,
            "lat": "49.411449",
            "lng": "24.62051"
          },
          {
            "name": "Снятын",
            "id": 12,
            "lat": "48.45",
            "lng": "25.5666667"
          },
          {
            "name": "Тысменица",
            "id": 13,
            "lat": "48.9008333",
            "lng": "24.8491667"
          },
          {
            "name": "Тлумач",
            "id": 14,
            "lat": "48.8666667",
            "lng": "25.0"
          },
          {
            "name": "Яремче",
            "id": 15,
            "lat": "48.449523",
            "lng": "24.557508"
          }
        ]
      },
      {
        "name": "Киевская область",
        "id": 9,
        "cities": [
          {
            "name": "Белая Церковь",
            "id": 1,
            "lat": "49.7988889",
            "lng": "30.1152778"
          },
          {
            "name": "Березань",
            "id": 2,
            "lat": "50.3197222",
            "lng": "31.47"
          },
          {
            "name": "Богуслав",
            "id": 3,
            "lat": "49.541031",
            "lng": "30.88073"
          },
          {
            "name": "Борисполь",
            "id": 4,
            "lat": "50.350491",
            "lng": "30.960739"
          },
          {
            "name": "Боярка",
            "id": 5,
            "lat": "49.323518",
            "lng": "30.700165"
          },
          {
            "name": "Бровары",
            "id": 6,
            "lat": "50.5166667",
            "lng": "30.8166667"
          },
          {
            "name": "Буча",
            "id": 7,
            "lat": "50.5569165",
            "lng": "30.2230733"
          },
          {
            "name": "Васильков",
            "id": 8,
            "lat": "50.178959",
            "lng": "30.32715"
          },
          {
            "name": "Вишнёвое",
            "id": 9,
            "lat": "50.4377778",
            "lng": "33.3822222"
          },
          {
            "name": "Вышгород",
            "id": 10,
            "lat": "50.5833333",
            "lng": "30.5"
          },
          {
            "name": "Ирпень",
            "id": 11,
            "lat": "50.5166667",
            "lng": "30.25"
          },
          {
            "name": "Кагарлык",
            "id": 12,
            "lat": "49.85722",
            "lng": "30.82032"
          },
          {
            "name": "Киев",
            "id": 13,
            "lat": "50.584981",
            "lng": "30.235748"
          },
          {
            "name": "Мироновка",
            "id": 14,
            "lat": "49.661022",
            "lng": "30.98458"
          },
          {
            "name": "Обухов",
            "id": 15,
            "lat": "50.105728",
            "lng": "30.630699"
          },
          {
            "name": "Переяслав-Хмельницкий",
            "id": 16,
            "lat": "50.070141",
            "lng": "31.45775"
          },
          {
            "name": "Припять",
            "id": 17,
            "lat": "51.4977778",
            "lng": "24.1180556"
          },
          {
            "name": "Ржищев",
            "id": 18,
            "lat": "49.972801",
            "lng": "31.04777"
          },
          {
            "name": "Сквира",
            "id": 19,
            "lat": "49.73719",
            "lng": "29.66901"
          },
          {
            "name": "Славутич",
            "id": 20,
            "lat": "51.523777",
            "lng": "30.768559"
          },
          {
            "name": "Тараща",
            "id": 21,
            "lat": "49.56065",
            "lng": "30.510309"
          },
          {
            "name": "Тетиев",
            "id": 22,
            "lat": "49.370575",
            "lng": "29.680221"
          },
          {
            "name": "Узин",
            "id": 23,
            "lat": "49.820228",
            "lng": "30.438929"
          },
          {
            "name": "Украинка",
            "id": 24,
            "lat": "50.1530861",
            "lng": "30.7434917"
          },
          {
            "name": "Фастов",
            "id": 25,
            "lat": "50.0833333",
            "lng": "29.9166667"
          },
          {
            "name": "Чернобыль",
            "id": 26,
            "lat": "51.2666667",
            "lng": "30.2166667"
          },
          {
            "name": "Яготин",
            "id": 27,
            "lat": "50.244949",
            "lng": "31.796261"
          }
        ]
      },
      {
        "name": "Кировоградская область",
        "id": 10,
        "cities": [
          {
            "name": "Александрия",
            "id": 1,
            "lat": "48.6666667",
            "lng": "33.1166667"
          },
          {
            "name": "Бобринец",
            "id": 2,
            "lat": "48.050861",
            "lng": "32.16589"
          },
          {
            "name": "Гайворон",
            "id": 3,
            "lat": "48.3333333",
            "lng": "29.8666667"
          },
          {
            "name": "Долинская",
            "id": 4,
            "lat": "48.1108333",
            "lng": "32.7647222"
          },
          {
            "name": "Знаменка",
            "id": 5,
            "lat": "48.7166667",
            "lng": "32.6666667"
          },
          {
            "name": "Кировоград",
            "id": 6,
            "lat": "48.508389",
            "lng": "32.264801"
          },
          {
            "name": "Малая Виска",
            "id": 7,
            "lat": "48.65",
            "lng": "31.6333333"
          },
          {
            "name": "Новомиргород",
            "id": 8,
            "lat": "48.7833333",
            "lng": "31.65"
          },
          {
            "name": "Новоукраинка",
            "id": 9,
            "lat": "48.3155556",
            "lng": "31.5269444"
          },
          {
            "name": "Светловодск",
            "id": 10,
            "lat": "49.0502778",
            "lng": "33.2419444"
          }
        ]
      },
      {
        "name": "Луганская область",
        "id": 11,
        "cities": [
          {
            "name": "Александровск",
            "id": 1,
            "lat": "48.5861652",
            "lng": "39.1949396"
          },
          {
            "name": "Алмазная",
            "id": 2,
            "lat": "48.5166667",
            "lng": "38.5833333"
          },
          {
            "name": "Алчевск",
            "id": 3,
            "lat": "48.4666667",
            "lng": "38.8"
          },
          {
            "name": "Антрацит",
            "id": 4,
            "lat": "48.1166667",
            "lng": "39.0833333"
          },
          {
            "name": "Брянка",
            "id": 5,
            "lat": "48.5133333",
            "lng": "38.6430556"
          },
          {
            "name": "Вахрушево",
            "id": 6,
            "lat": "48.174579",
            "lng": "38.837224"
          },
          {
            "name": "Горное",
            "id": 7,
            "lat": "49.1805556",
            "lng": "23.7341667"
          },
          {
            "name": "Зимогорье",
            "id": 8,
            "lat": "48.5833333",
            "lng": "38.9333333"
          },
          {
            "name": "Золотое",
            "id": 9,
            "lat": "48.6928568",
            "lng": "38.5146349"
          },
          {
            "name": "Зоринск",
            "id": 10,
            "lat": "48.4131636",
            "lng": "38.6204799"
          },
          {
            "name": "Краснодон",
            "id": 11,
            "lat": "48.29607",
            "lng": "39.745239"
          },
          {
            "name": "Красный Луч",
            "id": 12,
            "lat": "48.134041",
            "lng": "38.931419"
          },
          {
            "name": "Лисичанск",
            "id": 13,
            "lat": "48.896895",
            "lng": "38.444143"
          },
          {
            "name": "Луганск",
            "id": 14,
            "lat": "48.573269",
            "lng": "39.355659"
          },
          {
            "name": "Лутугино",
            "id": 15,
            "lat": "48.4019444",
            "lng": "39.2102778"
          },
          {
            "name": "Миусинск",
            "id": 16,
            "lat": "48.07",
            "lng": "38.9"
          },
          {
            "name": "Молодогвардейск",
            "id": 17,
            "lat": "48.3444444",
            "lng": "39.6583333"
          },
          {
            "name": "Новодружеск",
            "id": 18,
            "lat": "48.9666667",
            "lng": "38.35"
          },
          {
            "name": "Новопсков",
            "id": 19,
            "lat": "49.544731",
            "lng": "39.103889"
          },
          {
            "name": "Первомайск",
            "id": 20,
            "lat": "48.05",
            "lng": "30.85"
          },
          {
            "name": "Перевальск",
            "id": 21,
            "lat": "48.4388889",
            "lng": "38.8194444"
          },
          {
            "name": "Петровское",
            "id": 22,
            "lat": "48.293331",
            "lng": "38.888614"
          },
          {
            "name": "Попасная",
            "id": 23,
            "lat": "48.6333333",
            "lng": "38.38"
          },
          {
            "name": "Приволье",
            "id": 24,
            "lat": "49.016706",
            "lng": "38.302668"
          },
          {
            "name": "Ровеньки",
            "id": 25,
            "lat": "48.0833333",
            "lng": "39.3666667"
          },
          {
            "name": "Рубежное",
            "id": 26,
            "lat": "49.0166667",
            "lng": "38.3666667"
          },
          {
            "name": "Сватово",
            "id": 27,
            "lat": "49.41011",
            "lng": "38.15258"
          },
          {
            "name": "Свердловск",
            "id": 28,
            "lat": "48.084549",
            "lng": "39.65163"
          },
          {
            "name": "Северодонецк",
            "id": 29,
            "lat": "48.950191",
            "lng": "38.497631"
          },
          {
            "name": "Старобельск",
            "id": 30,
            "lat": "49.2666667",
            "lng": "38.9166667"
          },
          {
            "name": "Стаханов",
            "id": 31,
            "lat": "48.5666667",
            "lng": "38.65"
          },
          {
            "name": "Суходольск",
            "id": 32,
            "lat": "48.3523068",
            "lng": "39.7239205"
          },
          {
            "name": "Счастье",
            "id": 33,
            "lat": "48.737247",
            "lng": "39.2311974"
          },
          {
            "name": "Теплогорск",
            "id": 34,
            "lat": "48.600487",
            "lng": "38.5920825"
          },
          {
            "name": "Червонопартизанск",
            "id": 35,
            "lat": "48.095566",
            "lng": "39.759607"
          }
        ]
      },
      {
        "name": "Львовская область",
        "id": 12,
        "cities": [
          {
            "name": "Белз",
            "id": 1,
            "lat": "50.380501",
            "lng": "24.01269"
          },
          {
            "name": "Бобрка",
            "id": 2,
            "lat": "49.6331904",
            "lng": "24.2907476"
          },
          {
            "name": "Борислав",
            "id": 3,
            "lat": "49.28476",
            "lng": "23.42137"
          },
          {
            "name": "Броды",
            "id": 4,
            "lat": "50.0833333",
            "lng": "25.15"
          },
          {
            "name": "Буск",
            "id": 5,
            "lat": "49.9666667",
            "lng": "24.6333333"
          },
          {
            "name": "Великие Мосты",
            "id": 6,
            "lat": "50.24",
            "lng": "24.1394444"
          },
          {
            "name": "Глиняны",
            "id": 7,
            "lat": "49.8233333",
            "lng": "24.5166667"
          },
          {
            "name": "Городок",
            "id": 8,
            "lat": "49.1666667",
            "lng": "26.5666667"
          },
          {
            "name": "Добромиль",
            "id": 9,
            "lat": "49.5666667",
            "lng": "22.7833333"
          },
          {
            "name": "Дрогобыч",
            "id": 10,
            "lat": "49.34853",
            "lng": "23.51647"
          },
          {
            "name": "Дубляны",
            "id": 11,
            "lat": "49.8833333",
            "lng": "24.0833333"
          },
          {
            "name": "Жидачов",
            "id": 12,
            "lat": "49.3813889",
            "lng": "24.1408333"
          },
          {
            "name": "Жолква",
            "id": 13,
            "lat": "50.0666667",
            "lng": "23.9666667"
          },
          {
            "name": "Золочев",
            "id": 14,
            "lat": "49.8083333",
            "lng": "24.9011111"
          },
          {
            "name": "Каменка-Бугская",
            "id": 15,
            "lat": "50.1",
            "lng": "24.35"
          },
          {
            "name": "Львов",
            "id": 16,
            "lat": "49.85",
            "lng": "24.0166667"
          },
          {
            "name": "Мостиска",
            "id": 17,
            "lat": "49.7941667",
            "lng": "23.1525"
          },
          {
            "name": "Перемышляны",
            "id": 18,
            "lat": "49.67",
            "lng": "24.5594444"
          },
          {
            "name": "Пустомыты",
            "id": 19,
            "lat": "49.7138889",
            "lng": "23.9108333"
          },
          {
            "name": "Рава-Русская",
            "id": 20,
            "lat": "50.230431",
            "lng": "23.628309"
          },
          {
            "name": "Радехов",
            "id": 21,
            "lat": "50.2827778",
            "lng": "24.6375"
          },
          {
            "name": "Рудки",
            "id": 22,
            "lat": "49.6530556",
            "lng": "23.4880556"
          },
          {
            "name": "Самбор",
            "id": 23,
            "lat": "49.5166667",
            "lng": "23.2027778"
          },
          {
            "name": "Сколе",
            "id": 24,
            "lat": "49.036049",
            "lng": "23.51232"
          },
          {
            "name": "Сокаль",
            "id": 25,
            "lat": "50.4833333",
            "lng": "24.2833333"
          },
          {
            "name": "Старый Самбор",
            "id": 26,
            "lat": "49.4430556",
            "lng": "23.0033333"
          },
          {
            "name": "Стрый",
            "id": 27,
            "lat": "49.256171",
            "lng": "23.850306"
          },
          {
            "name": "Трускавец",
            "id": 28,
            "lat": "49.2805556",
            "lng": "23.505"
          },
          {
            "name": "Угнев",
            "id": 29,
            "lat": "50.3666667",
            "lng": "23.7444444"
          },
          {
            "name": "Хыров",
            "id": 30,
            "lat": "49.5333333",
            "lng": "22.85"
          },
          {
            "name": "Червоноград",
            "id": 31,
            "lat": "50.3833333",
            "lng": "24.2333333"
          },
          {
            "name": "Яворов",
            "id": 32,
            "lat": "49.942501",
            "lng": "23.390989"
          }
        ]
      },
      {
        "name": "Николаевская область",
        "id": 13,
        "cities": [
          {
            "name": "Баштанка",
            "id": 1,
            "lat": "47.404331",
            "lng": "32.445301"
          },
          {
            "name": "Вознесенск",
            "id": 2,
            "lat": "47.587711",
            "lng": "31.336"
          },
          {
            "name": "Николаев",
            "id": 3,
            "lat": "46.9666667",
            "lng": "32.0"
          },
          {
            "name": "Новая Одесса",
            "id": 4,
            "lat": "47.3166667",
            "lng": "31.7833333"
          },
          {
            "name": "Новый Буг",
            "id": 5,
            "lat": "47.6833333",
            "lng": "32.5"
          },
          {
            "name": "Очаков",
            "id": 6,
            "lat": "46.6166667",
            "lng": "31.55"
          },
          {
            "name": "Первомайск",
            "id": 7,
            "lat": "48.05",
            "lng": "30.85"
          },
          {
            "name": "Снигирёвка",
            "id": 8,
            "lat": "47.0666667",
            "lng": "32.8166667"
          },
          {
            "name": "Южноукраинск",
            "id": 9,
            "lat": "47.8166667",
            "lng": "31.1833333"
          }
        ]
      },
      {
        "name": "Одесская область",
        "id": 14,
        "cities": [
          {
            "name": "Ананьев",
            "id": 1,
            "lat": "47.7173",
            "lng": "29.975639"
          },
          {
            "name": "Арциз",
            "id": 2,
            "lat": "45.99739",
            "lng": "29.431288"
          },
          {
            "name": "Балта",
            "id": 3,
            "lat": "47.9333333",
            "lng": "29.6166667"
          },
          {
            "name": "Белгород-Днестровский",
            "id": 4,
            "lat": "46.1833333",
            "lng": "30.3333333"
          },
          {
            "name": "Болград",
            "id": 5,
            "lat": "45.682701",
            "lng": "28.61935"
          },
          {
            "name": "Измаил",
            "id": 6,
            "lat": "45.3516667",
            "lng": "28.8363889"
          },
          {
            "name": "Ильичёвск",
            "id": 7,
            "lat": "46.3020534",
            "lng": "30.6517391"
          },
          {
            "name": "Килия",
            "id": 8,
            "lat": "45.45578",
            "lng": "29.273291"
          },
          {
            "name": "Кодыма",
            "id": 9,
            "lat": "48.093941",
            "lng": "29.13368"
          },
          {
            "name": "Котовск",
            "id": 10,
            "lat": "47.75",
            "lng": "29.5333333"
          },
          {
            "name": "Одесса",
            "id": 11,
            "lat": "46.4666667",
            "lng": "30.7333333"
          },
          {
            "name": "Татарбунары",
            "id": 12,
            "lat": "45.841418",
            "lng": "29.62284"
          },
          {
            "name": "Теплодар",
            "id": 13,
            "lat": "46.5",
            "lng": "30.3333333"
          },
          {
            "name": "Южное",
            "id": 14,
            "lat": "47.8173262",
            "lng": "33.5737487"
          }
        ]
      },
      {
        "name": "Полтавская область",
        "id": 15,
        "cities": [
          {
            "name": "Гадяч",
            "id": 1,
            "lat": "50.3666667",
            "lng": "34.0"
          },
          {
            "name": "Глобино",
            "id": 2,
            "lat": "49.3833333",
            "lng": "33.2833333"
          },
          {
            "name": "Гребёнка",
            "id": 3,
            "lat": "50.116852",
            "lng": "32.44059"
          },
          {
            "name": "Зеньков",
            "id": 4,
            "lat": "50.20955",
            "lng": "34.362345"
          },
          {
            "name": "Карловка",
            "id": 5,
            "lat": "49.45",
            "lng": "35.1333333"
          },
          {
            "name": "Кременчуг",
            "id": 6,
            "lat": "49.073521",
            "lng": "33.4231"
          },
          {
            "name": "Кобеляки",
            "id": 7,
            "lat": "49.145439",
            "lng": "34.213638"
          },
          {
            "name": "Комсомольск",
            "id": 8,
            "lat": "49.013756",
            "lng": "33.643381"
          },
          {
            "name": "Лохвица",
            "id": 9,
            "lat": "50.36319",
            "lng": "33.253288"
          },
          {
            "name": "Лубны",
            "id": 10,
            "lat": "50.0166667",
            "lng": "33.0"
          },
          {
            "name": "Миргород",
            "id": 11,
            "lat": "49.963799",
            "lng": "33.61869"
          },
          {
            "name": "Пирятин",
            "id": 11,
            "lat": "50.23975",
            "lng": "32.514309"
          },
          {
            "name": "Полтава",
            "id": 12,
            "lat": "49.59269",
            "lng": "34.551159"
          },
          {
            "name": "Хорол",
            "id": 13,
            "lat": "49.790279",
            "lng": "33.207809"
          },
          {
            "name": "Червонозаводское",
            "id": 14,
            "lat": "50.4",
            "lng": "33.4"
          }
        ]
      },
      {
        "name": "Ровенская область",
        "id": 16,
        "cities": [
          {
            "name": "Березне",
            "id": 1,
            "lat": "51.0",
            "lng": "26.75"
          },
          {
            "name": "Дубно",
            "id": 2,
            "lat": "50.38738",
            "lng": "25.754559"
          },
          {
            "name": "Дубровица",
            "id": 3,
            "lat": "51.571209",
            "lng": "26.56805"
          },
          {
            "name": "Здолбунов",
            "id": 4,
            "lat": "50.5166667",
            "lng": "26.25"
          },
          {
            "name": "Корец",
            "id": 5,
            "lat": "50.619129",
            "lng": "27.161869"
          },
          {
            "name": "Костополь",
            "id": 6,
            "lat": "50.8833333",
            "lng": "26.45"
          },
          {
            "name": "Кузнецовск",
            "id": 7,
            "lat": "51.3436553",
            "lng": "25.8490867"
          },
          {
            "name": "Острог",
            "id": 8,
            "lat": "50.3333333",
            "lng": "26.5166667"
          },
          {
            "name": "Радивилов",
            "id": 9,
            "lat": "50.125777",
            "lng": "25.264195"
          },
          {
            "name": "Ровно",
            "id": 10,
            "lat": "50.6166667",
            "lng": "26.25"
          },
          {
            "name": "Сарны",
            "id": 11,
            "lat": "51.3372222",
            "lng": "26.6058333"
          }
        ]
      },
      {
        "name": "Сумская область",
        "id": 17,
        "cities": [
          {
            "name": "Ахтырка",
            "id": 1,
            "lat": "50.29855",
            "lng": "34.892052"
          },
          {
            "name": "Белополье",
            "id": 2,
            "lat": "51.149402",
            "lng": "34.3175225"
          },
          {
            "name": "Бурынь",
            "id": 3,
            "lat": "51.1978",
            "lng": "33.847351"
          },
          {
            "name": "Глухов",
            "id": 4,
            "lat": "51.6786111",
            "lng": "33.9113889"
          },
          {
            "name": "Кролевец",
            "id": 5,
            "lat": "51.550121",
            "lng": "33.38279"
          },
          {
            "name": "Конотоп",
            "id": 6,
            "lat": "51.237469",
            "lng": "33.21217"
          },
          {
            "name": "Лебедин",
            "id": 7,
            "lat": "48.96",
            "lng": "31.52"
          },
          {
            "name": "Путивль",
            "id": 8,
            "lat": "51.337589",
            "lng": "33.87888"
          },
          {
            "name": "Ромны",
            "id": 9,
            "lat": "50.743919",
            "lng": "33.475712"
          },
          {
            "name": "Середина-Буда",
            "id": 10,
            "lat": "52.1833333",
            "lng": "34.0333333"
          },
          {
            "name": "Сумы",
            "id": 11,
            "lat": "50.910561",
            "lng": "34.80566"
          },
          {
            "name": "Тростянец",
            "id": 12,
            "lat": "50.9599282",
            "lng": "25.55378"
          },
          {
            "name": "Шостка",
            "id": 13,
            "lat": "51.86282",
            "lng": "33.487831"
          }
        ]
      },
      {
        "name": "Тернопольская область",
        "id": 18,
        "cities": [
          {
            "name": "Бережаны",
            "id": 1,
            "lat": "49.444191",
            "lng": "24.94486"
          },
          {
            "name": "Борщёв",
            "id": 2,
            "lat": "48.803181",
            "lng": "26.041809"
          },
          {
            "name": "Бучач",
            "id": 3,
            "lat": "49.05772",
            "lng": "25.401979"
          },
          {
            "name": "Залещики",
            "id": 4,
            "lat": "48.65",
            "lng": "25.7333333"
          },
          {
            "name": "Збараж",
            "id": 5,
            "lat": "49.6666667",
            "lng": "25.7777778"
          },
          {
            "name": "Зборов",
            "id": 6,
            "lat": "49.660696",
            "lng": "25.1434667"
          },
          {
            "name": "Кременец",
            "id": 7,
            "lat": "50.099129",
            "lng": "25.7328"
          },
          {
            "name": "Лановцы",
            "id": 8,
            "lat": "49.8659402",
            "lng": "26.0841931"
          },
          {
            "name": "Монастыриска",
            "id": 9,
            "lat": "49.0888889",
            "lng": "25.1694444"
          },
          {
            "name": "Подволочиск",
            "id": 10,
            "lat": "49.5246859",
            "lng": "26.137326"
          },
          {
            "name": "Подгайцы",
            "id": 11,
            "lat": "49.2694444",
            "lng": "25.1361111"
          },
          {
            "name": "Почаев",
            "id": 12,
            "lat": "50.0",
            "lng": "25.5083333"
          },
          {
            "name": "Скалат",
            "id": 13,
            "lat": "49.424214",
            "lng": "25.976246"
          },
          {
            "name": "Тернополь",
            "id": 14,
            "lat": "49.551361",
            "lng": "25.603979"
          },
          {
            "name": "Теребовля",
            "id": 15,
            "lat": "49.29348",
            "lng": "25.699551"
          },
          {
            "name": "Чортков",
            "id": 16,
            "lat": "49.0166667",
            "lng": "25.8"
          },
          {
            "name": "Шумск",
            "id": 17,
            "lat": "50.122577",
            "lng": "26.1149716"
          }
        ]
      },
      {
        "name": "Харьковская область",
        "id": 19,
        "cities": [
          {
            "name": "Балаклея",
            "id": 1,
            "lat": "49.4658333",
            "lng": "36.8677778"
          },
          {
            "name": "Барвенково",
            "id": 2,
            "lat": "48.9",
            "lng": "37.0166667"
          },
          {
            "name": "Богодухов",
            "id": 3,
            "lat": "50.1654302",
            "lng": "35.5267251"
          },
          {
            "name": "Валки",
            "id": 4,
            "lat": "49.843601",
            "lng": "35.61388"
          },
          {
            "name": "Великий Бурлук",
            "id": 5,
            "lat": "50.0455556",
            "lng": "37.3905556"
          },
          {
            "name": "Волчанск",
            "id": 6,
            "lat": "50.278519",
            "lng": "36.945171"
          },
          {
            "name": "Дергачи",
            "id": 7,
            "lat": "50.110668",
            "lng": "36.114361"
          },
          {
            "name": "Змиев",
            "id": 8,
            "lat": "49.701939",
            "lng": "36.355171"
          },
          {
            "name": "Изюм",
            "id": 9,
            "lat": "49.2127778",
            "lng": "37.2569444"
          },
          {
            "name": "Красноград",
            "id": 10,
            "lat": "49.3666667",
            "lng": "35.45"
          },
          {
            "name": "Купянск",
            "id": 11,
            "lat": "49.721901",
            "lng": "37.624329"
          },
          {
            "name": "Лозовая",
            "id": 12,
            "lat": "48.891684",
            "lng": "36.325786"
          },
          {
            "name": "Люботин",
            "id": 13,
            "lat": "49.95",
            "lng": "35.9166667"
          },
          {
            "name": "Мерефа",
            "id": 14,
            "lat": "49.8166667",
            "lng": "36.05"
          },
          {
            "name": "Первомайский",
            "id": 15,
            "lat": "49.3833333",
            "lng": "36.2166667"
          },
          {
            "name": "Харьков",
            "id": 16,
            "lat": "49.98967",
            "lng": "36.208309"
          },
          {
            "name": "Чугуев",
            "id": 17,
            "lat": "49.8355556",
            "lng": "36.6863889"
          }
        ]
      },
      {
        "name": "Херсонская область",
        "id": 20,
        "cities": [
          {
            "name": "Берислав",
            "id": 1,
            "lat": "46.843822",
            "lng": "33.4375"
          },
          {
            "name": "Геническ",
            "id": 2,
            "lat": "46.171638",
            "lng": "34.80777"
          },
          {
            "name": "Голая Пристань",
            "id": 3,
            "lat": "46.5166667",
            "lng": "32.5166667"
          },
          {
            "name": "Каховка",
            "id": 4,
            "lat": "46.817388",
            "lng": "33.494325"
          },
          {
            "name": "Новая Каховка",
            "id": 5,
            "lat": "46.7666667",
            "lng": "33.3666667"
          },
          {
            "name": "Скадовск",
            "id": 6,
            "lat": "46.116871",
            "lng": "32.913731"
          },
          {
            "name": "Таврийск",
            "id": 7,
            "lat": "46.7528018",
            "lng": "33.4216856"
          },
          {
            "name": "Херсон",
            "id": 8,
            "lat": "46.653368",
            "lng": "32.629424"
          },
          {
            "name": "Цюрупинск",
            "id": 9,
            "lat": "46.62",
            "lng": "32.72"
          }
        ]
      },
      {
        "name": "Хмельницкая область",
        "id": 21,
        "cities": [
          {
            "name": "Волочиск",
            "id": 1,
            "lat": "49.535179",
            "lng": "26.22331"
          },
          {
            "name": "Городок",
            "id": 2,
            "lat": "49.1666667",
            "lng": "26.5666667"
          },
          {
            "name": "Деражня",
            "id": 3,
            "lat": "49.267071",
            "lng": "27.440269"
          },
          {
            "name": "Дунаевцы",
            "id": 4,
            "lat": "48.8909743",
            "lng": "26.8546608"
          },
          {
            "name": "Изяслав",
            "id": 5,
            "lat": "50.119221",
            "lng": "26.82629"
          },
          {
            "name": "Каменец-Подольский",
            "id": 6,
            "lat": "48.6833333",
            "lng": "26.5833333"
          },
          {
            "name": "Красилов",
            "id": 7,
            "lat": "49.6519444",
            "lng": "26.9705556"
          },
          {
            "name": "Нетешин",
            "id": 8,
            "lat": "50.3374232",
            "lng": "26.6404529"
          },
          {
            "name": "Полонное",
            "id": 9,
            "lat": "50.122269",
            "lng": "27.511909"
          },
          {
            "name": "Славута",
            "id": 10,
            "lat": "49.0563905",
            "lng": "27.3944506"
          },
          {
            "name": "Староконстантинов",
            "id": 11,
            "lat": "49.7555556",
            "lng": "27.2208333"
          },
          {
            "name": "Хмельницкий",
            "id": 12,
            "lat": "49.4166667",
            "lng": "27.0"
          },
          {
            "name": "Шепетовка",
            "id": 13,
            "lat": "50.179131",
            "lng": "27.07732"
          }
        ]
      },
      {
        "name": "Черкасская область",
        "id": 22,
        "cities": [
          {
            "name": "Ватутино",
            "id": 1,
            "lat": "49.0166667",
            "lng": "31.0666667"
          },
          {
            "name": "Городище",
            "id": 2,
            "lat": "49.290649",
            "lng": "31.443199"
          },
          {
            "name": "Жашков",
            "id": 3,
            "lat": "49.245522",
            "lng": "30.11998"
          },
          {
            "name": "Звенигородка",
            "id": 4,
            "lat": "49.075489",
            "lng": "30.967911"
          },
          {
            "name": "Золотоноша",
            "id": 5,
            "lat": "49.674271",
            "lng": "32.040421"
          },
          {
            "name": "Каменка",
            "id": 6,
            "lat": "49.036347",
            "lng": "32.103481"
          },
          {
            "name": "Канев",
            "id": 7,
            "lat": "49.75",
            "lng": "31.4666667"
          },
          {
            "name": "Корсунь-Шевченковский",
            "id": 8,
            "lat": "49.421051",
            "lng": "31.268993"
          },
          {
            "name": "Монастырище",
            "id": 9,
            "lat": "48.9909154",
            "lng": "29.8051363"
          },
          {
            "name": "Смела",
            "id": 10,
            "lat": "49.224621",
            "lng": "31.878401"
          },
          {
            "name": "Тальное",
            "id": 11,
            "lat": "48.8833333",
            "lng": "30.7"
          },
          {
            "name": "Умань",
            "id": 12,
            "lat": "48.75",
            "lng": "30.2166667"
          },
          {
            "name": "Христиновка",
            "id": 13,
            "lat": "48.8494444",
            "lng": "29.97"
          },
          {
            "name": "Черкассы",
            "id": 14,
            "lat": "49.4333333",
            "lng": "32.0666667"
          },
          {
            "name": "Чигирин",
            "id": 15,
            "lat": "49.072498",
            "lng": "32.683578"
          },
          {
            "name": "Шпола",
            "id": 16,
            "lat": "49.00349",
            "lng": "31.385559"
          }
        ]
      },
      {
        "name": "Черниговская область",
        "id": 23,
        "cities": [
          {
            "name": "Бахмач",
            "id": 1,
            "lat": "51.1830556",
            "lng": "32.8297222"
          },
          {
            "name": "Бобровица",
            "id": 2,
            "lat": "50.745",
            "lng": "31.3869444"
          },
          {
            "name": "Борзна",
            "id": 3,
            "lat": "51.249451",
            "lng": "32.43034"
          },
          {
            "name": "Городня",
            "id": 4,
            "lat": "51.8905556",
            "lng": "31.5936111"
          },
          {
            "name": "Десна",
            "id": 5,
            "lat": "50.9246667",
            "lng": "30.756"
          },
          {
            "name": "Ичня",
            "id": 6,
            "lat": "50.863918",
            "lng": "32.39307"
          },
          {
            "name": "Корюковка",
            "id": 7,
            "lat": "51.7754831",
            "lng": "32.2595792"
          },
          {
            "name": "Мена",
            "id": 8,
            "lat": "51.521759",
            "lng": "32.21888"
          },
          {
            "name": "Нежин",
            "id": 9,
            "lat": "51.0380556",
            "lng": "31.8861111"
          },
          {
            "name": "Новгород-Северский",
            "id": 10,
            "lat": "52.0069896",
            "lng": "33.2537069"
          },
          {
            "name": "Носовка",
            "id": 11,
            "lat": "50.9333333",
            "lng": "31.5833333"
          },
          {
            "name": "Прилуки",
            "id": 12,
            "lat": "50.594181",
            "lng": "32.38689"
          },
          {
            "name": "Седнев",
            "id": 13,
            "lat": "51.6463023",
            "lng": "31.5616846"
          },
          {
            "name": "Семёновка",
            "id": 14,
            "lat": "52.173561",
            "lng": "32.587059"
          },
          {
            "name": "Чернигов",
            "id": 15,
            "lat": "51.503653",
            "lng": "31.293167"
          },
          {
            "name": "Щорс",
            "id": 16,
            "lat": "51.819321",
            "lng": "31.94846"
          }
        ]
      },
      {
        "name": "Черновицкая область",
        "id": 24,
        "cities": [
          {
            "name": "Вашковцы",
            "lat": "48.38",
            "lng": "25.51"
          },
          {
            "name": "Вижница",
            "lat": "48.25",
            "lng": "25.1916667"
          },
          {
            "name": "Герца",
            "lat": "48.1485764",
            "lng": "26.2572996"
          },
          {
            "name": "Заставна",
            "lat": "48.5166667",
            "lng": "25.85"
          },
          {
            "name": "Кицмань",
            "lat": "48.4425",
            "lng": "25.7613889"
          },
          {
            "name": "Новоднестровск",
            "lat": "48.5833333",
            "lng": "27.4333333"
          },
          {
            "name": "Новоселица",
            "lat": "48.2166667",
            "lng": "26.2666667"
          },
          {
            "name": "Сокиряны",
            "lat": "48.45",
            "lng": "27.4166667"
          },
          {
            "name": "Сторожинец",
            "lat": "48.1666667",
            "lng": "25.7166667"
          },
          {
            "name": "Хотин",
            "lat": "48.5",
            "lng": "26.5"
          },
          {
            "name": "Черновцы",
            "lat": "48.3",
            "lng": "25.9333333"
          }
        ]
      }
    ]
  }
